id_contrato,text,label,label_text,pred_label,pred_text,prob_revision,prob_suficiente,confianza,correcto
CO1.PCCNTR.2445956,Fortalecer el Programa de Vigilancia de la Calidad del Agua para Consumo Humano a través de la prestación del servicio de algunos análisis microbiológicos y fisicoquímicos en aguas de consumo humano y uso recreativo y de diferentes sustancias de interés sanitario que comprometen la salud pública; co,1,SUFICIENTE,1,SUFICIENTE,0.06198946,0.9380106,0.9380106,True
CO1.PCCNTR.6978727,Prestar los servicios para la atención a la primera infancia en los Hogares Comunitarios de Bienestar HCB y Hogares Comunitarios de Bienestar Agrupados; HCB Familia Mujer e Infancia - FAMI; de conformidad con el Manual Operativo de la Modalidad correspondiente; el Lineamiento Técnico para la Aten,1,SUFICIENTE,1,SUFICIENTE,0.12608409,0.8739159,0.8739159,True
CO1.PCCNTR.6610633,AUNAR ESFUERZOS ENTRE EL DEPARTAMENTO DE BOYACA Y LA ALIANZA SOCIETARIA Y DE DESARROLLO EMPRESARIAL DE BOYACA PARA EL FORTALECIMIENTO EN LA RED VIAL SECUNDARIA Y TERCIARIA POR MEDIO DEL MANTENIMIENTO PERIÓDICO Y RUTINARIO DE LA INFRAESTRUCTURA VIAL AÑO 2024; EN EL DEPARTAMENTO DE BOYACÁ,1,SUFICIENTE,1,SUFICIENTE,0.021165619,0.9788344,0.9788344,True
CO1.PCCNTR.8594184,MANTENIMIENTO DE LA INFRAESTRUCTURA FÍSICA DEL ALMACÉN MUNICIPAL UBICADO EN EL BARRIO JORDÁN - PARAÍSO CALLE 37A NO. 19C-26 DEL MUNICIPIO DE VILLAVICENCIO,1,SUFICIENTE,1,SUFICIENTE,0.09227797,0.90772206,0.90772206,True
CO1.PCCNTR.7389922,Prestar servicios personales como instructor para orientar formación profesional titulada y complementaria en el área de seguimiento de etapa practica de acuerdo con la programación establecida por la coordinación académica de Automatización del Centro Nacional Colombo Alemán; cumpliendo con lo esta,1,SUFICIENTE,1,SUFICIENTE,0.20442131,0.7955787,0.7955787,True
CO1.PCCNTR.7396140,PRESTACIÓN DE SERVICIOS DE APOYO A LA GESTIÓN ADMINISTRATIVA Y/O ASISTENCIAL COMO AUXILIAR EN ENFERMERÍA DENTRO DE LA ESTRATEGIA DE ATENCIÓN DE LOS EQUIPOS BÁSICO DE SALUD (EBS) EN LA E.S.E. HOSPITAL SAN JUAN DE DIOS DE SEGOVIA ANTIOQUIA.,0,REQUIERE_REVISION,0,REQUIERE_REVISION,0.53417206,0.4658279,0.53417206,True
CO1.PCCNTR.1438343,AUNAR ESFUERZOS TÉCNICOS ADMINISTRATIVOS FINANCIEROS Y JURÍDICOS PARA LLEVAR A CABO EN EL MUNICIPIO LA IMPLEMENTACIÓN DE LA NUEVA METODOLOGÍA DE FOCALIZACIÓN DEL SISTEMA DE IDENTIFICACIÓN DE LOS POTENCIALES BENEFICIARIOS DE LOS PROGRAMAS SOCIALES SISBEN IV DE CONFORMIDAD CON EL ESQUEMA DE APALANCAMI,1,SUFICIENTE,1,SUFICIENTE,0.030646773,0.9693532,0.9693532,True
CO1.PCCNTR.6548264,Prestar servicios profesionales en diseño gráfico; maquetación; ilustración y generación de contenidos audiovisuales; así como en la creación y desarrollo material de comunicación institucional que ayude al posicionamiento de la IU Digital de Antioquia.,1,SUFICIENTE,1,SUFICIENTE,0.012053779,0.9879462,0.9879462,True
CO1.PCCNTR.1579040,Prestar servicios de respaldo y soporte al plan de recuperación de Desastres de la Entidad.,1,SUFICIENTE,0,REQUIERE_REVISION,0.5341949,0.4658051,0.5341949,False
CO1.PCCNTR.5102473,Aunar esfuerzos para la implementación y funcionamiento de un Punto de Atención de la Fiscalía General de la Nación (PAF); para la recepción de denuncias y orientación a la ciudadanía en las actividades propias de la Fiscalía General de la Nación; en el Municipio de Córdoba - Bolívar,1,SUFICIENTE,1,SUFICIENTE,0.042048372,0.9579516,0.9579516,True
CO1.PCCNTR.4152405,INTERVENTORÍA TÉCNICA; FINANCIERA; ADMINISTRATIVA; AMBIENTAL; JURÍDICA Y CONTABLE AL CONTRATO DE MANTENIMIENTO Y REPARACIÓN DE LAS INSTALACIONES DEL BIEN INMUEBLE PROPIEDAD DEL IDEA; UBICADO EN LA KRA 29 # 37- 65 BARRIO SANTA LUCÍA ZONA URBANA DEL MUNICIPIO DE NECHÍ,1,SUFICIENTE,1,SUFICIENTE,0.1480472,0.85195273,0.85195273,True
CO1.PCCNTR.2603565,LA ADQUICICION DE TERMOS TRASPORTADORES DE INMUNOBIOLOGICOS PARA LA VACUNACION OPERACIONAL CONTRA SARS-COV-2,1,SUFICIENTE,1,SUFICIENTE,0.018528797,0.98147124,0.98147124,True
CO1.PCCNTR.6827285,AUNAR ESFUERZOS TÉCNICOS; ADMINISTRATIVOS Y FINANCIEROS PARA LLEVAR A CABO LA REALIZACIÓN DEL EVENTO RECREATIVO Y DE ACTIVIDADES DEPORTIVAS NO CONVENCIONALES EN OCASIÓN DE LA CELEBRACIÓN DE LAS XXVII FIESTAS DE LA CABUYA Y EL PAISAJE CULTURAL CAFETERO EN EL MUNICIPIO DE ARANZAZU; CALDAS.,1,SUFICIENTE,1,SUFICIENTE,0.019719128,0.9802808,0.9802808,True
CO1.PCCNTR.4323708,Prestar servicios profesionales especializados para fortalecer la ejecución de las actividades propias de la superintendencia de vigilancia y seguridad privada-SUPV543,0,REQUIERE_REVISION,1,SUFICIENTE,0.35370722,0.6462928,0.6462928,False
CO1.PCCNTR.3126224,ADQUISICION DE SOFTWARE DE SIMULACION DE NEGOCIOS SIMUL8; EN MARCO DEL PROYECTO 20-2021,1,SUFICIENTE,1,SUFICIENTE,0.18090117,0.81909883,0.81909883,True
CO1.PCCNTR.6541753,REALIZACION DE SEÑALIZACIÓN Y DEMARCACIÓN VIAL EN EL MUNICIPIO DE SANTA FE DE ANTIOQUIA,1,SUFICIENTE,1,SUFICIENTE,0.082549304,0.9174507,0.9174507,True
CO1.PCCNTR.8684008,PRESTACION DE SERVICIOS PROFESIONALES COMO APOYO EN LA OFICINA DE SUBGERENCIA ADMINISTRATIVA DE LA E.S.E HOSPITAL SAN CRISTÓBAL DE CIÉNAGA,0,REQUIERE_REVISION,0,REQUIERE_REVISION,0.89805347,0.10194652,0.89805347,True
CO1.PCCNTR.2378456,ENTREGA EN COMODATO DE UN ARÉA DEL GRUPO TÉCNICO DEL COMANDO AÉREO DE MANTENIMIENTO,0,REQUIERE_REVISION,1,SUFICIENTE,0.08269734,0.91730267,0.91730267,False
CO1.PCCNTR.8750080,PROMESA DE VENTA DE UN INMUBLE con Matrícula Inmobiliaria 078-16910 con Código Predial Nacional 152990100000002280002000000000 ubicado en la vereda Resguardo Manzanos Arriba del Municipio de Garagoa,1,SUFICIENTE,1,SUFICIENTE,0.047074176,0.95292586,0.95292586,True
CO1.PCCNTR.6631216,CONTRATO DE ARRENDAMIENTO DE UN INMUEBLE PARA EL FORTALECIMIENTO DE LOS PROGRAMAS Y PROCESOS EDUCATIVOS; ACTIVIDADES CULTURALES; DEPORTIVAS; RECREATIVAS PEDAGÓGICAS; QUE BUSCAN PROMOVER OBJETIVOS SOCIALES PARA GENERAR CONVIVENCIA; Y LA VALORACIÓN PROFESIONAL; SOCIAL Y HUMANA DE LA COMUNIDAD EDUCATIV,1,SUFICIENTE,1,SUFICIENTE,0.03085051,0.9691495,0.9691495,True
CO1.PCCNTR.4439513,Instructor: Prestar Servicios Personales Carácter Temporal Para La Formación Profesional Integral; En FORMACION REGULAR TITULADA Y COMPLEMENTARIAPara el Programa Formación INTEGRACION DE OPERACIONES LOGISTICAS,1,SUFICIENTE,1,SUFICIENTE,0.22686929,0.7731308,0.7731308,True
CO1.PCCNTR.8315248,AUNAR ESFUERZOS TÉCNICOS; ADMINISTRATIVOS Y FINANCIEROS ENTRE EL MUNICIPIO DE CIUDAD BOLÍVAR Y LA JUNTA DE ACCIÓN COMUNAL VEREDA LA LINDA EL TRES PARA EL MEJORAMIENTO DEL CORREDOR VIAL TERCIARIO QUE CONDUCE A LA VEREDA LA LINDA; EN EL MUNICIPIO DE MUNICIPIO DE CIUDAD BOLÍVAR; ANTIOQUIA,1,SUFICIENTE,1,SUFICIENTE,0.015921684,0.9840783,0.9840783,True
CO1.PCCNTR.288653,Prestación de servicios técnicos para apoyar la gestión documental en el proceso de Adquisición de bienes y servicios y la elaboración y actualización de bases de datos de la Dirección Territorial Pacífico; en el área administrativa,1,SUFICIENTE,1,SUFICIENTE,0.3227394,0.6772606,0.6772606,True
CO1.PCCNTR.4525069,PRESTAR SERVICIOS DE APOYO A LA GESTIÓN EN EL MARCO DEL PROYECTOIMPLEMENTACIÓN DE MECANISMOS PARA LA PREVENCIÓN; PROMOCIÓN Y ATENCIÓN DE VIOLENCIAS BASADAS EN GÉNERO EN EL MUNICIPIO DE POPAYÁN 2023,0,REQUIERE_REVISION,1,SUFICIENTE,0.2961451,0.70385486,0.70385486,False
CO1.PCCNTR.1718427,CONTRATAR UN INTERMEDIARIO DE SEGUROS PARA QUE PRESTE A LA GOBERNACIÓN DEL PUTUMAYO SUS SERVICIOS DE ASESORÍA INTEGRAL PARA EL MANEJO DEL PROGRAMA DE SEGUROS REQUERIDO POR LA ENTIDAD; PARA AMPARAR SUS BIENES E INTERESES PATRIMONIALES Y AQUELLOS DE LOS QUE SEA LEGALMENTE RESPONSABLE.,1,SUFICIENTE,1,SUFICIENTE,0.14578295,0.85421705,0.85421705,True
CO1.PCCNTR.6302182,PRESTACIÓN DE SERVICIOS DE APOYO A LA GESTIÓN EN LAS DIFERENTES ACTIVIDADES EN EL CENTRO INTEGRAL DE ATENCIÓN AL CIUDADANO EN LA SUBSECRETARÍA DE LA SECRETARÍA DE EDUCACIÓN,0,REQUIERE_REVISION,0,REQUIERE_REVISION,0.63643783,0.36356217,0.63643783,True
CO1.PCCNTR.845524,Prestar servicios profesionales para programar y realizar acciones tendientes al uso de los espacios asignados y de acompañamiento pedagógico de las actividades del programa Recreación para la Infancia.,1,SUFICIENTE,1,SUFICIENTE,0.021615336,0.97838473,0.97838473,True
CO1.PCCNTR.8236140,CONTRATO DE PRESTACIÓN DE SERVICIOS DE APOYO A LA GESTIÓN PARA APOYAR EN EL DESARROLLO DE ACTIVIDADES DE ENFERMERIA EN EL HOGAR DEL ANCIANO ARCESIO ARISTIZABAL GÓMEZ DEL MUNICIPIO DE LA TEBAIDA QUINDÍO,1,SUFICIENTE,1,SUFICIENTE,0.091301054,0.908699,0.908699,True
CO1.PCCNTR.9239745,Contratar servicios profesionales para el desempeño de las funciones de la Dirección Administrativa y de Servicio al Ciudadano; de conformidad con lo establecido en el Acuerdo No. 27 del 5 de septiembre de 2025.,0,REQUIERE_REVISION,1,SUFICIENTE,0.49554452,0.50445545,0.50445545,False
CO1.PCCNTR.9215204,PRESTACIÓN DE SERVICIOS PROFESIONALES EN LA DIVISIÓN DE IMPUESTOS DE LA SECRETARIA DE HACIENDA DISTRITAL; EN EL MARCO DEL PROYECTO DE INVERSION FORTALECIMIENTO DE LA GESTIÓN FISCAL Y FINANCIERA DEL DISTRITO DE CARTAGENA DE INDIAS,0,REQUIERE_REVISION,1,SUFICIENTE,0.46446127,0.53553873,0.53553873,False
CO1.PCCNTR.7231498,Prestar sus servicios profesionales; con plena autonomía técnica y administrativa en la Secretaria De Desarrollo Económico Y Competitividad; contemplados dentro del proyecto denominado Fortalecimiento a emprendimientos; empresarial y asociativo vigencia 2025 en el municipio de Pasto; se encuentra,0,REQUIERE_REVISION,0,REQUIERE_REVISION,0.5302802,0.4697198,0.5302802,True
CO1.PCCNTR.5561711,"AUNAR ESFUERZOS ENTRE EL INSTITUTO NACIONAL DE VIAS Y LA JUNTA
DE ACCIÓN COMUNAL VEREDA PIRGUATA DEL MUNICIPIO DE VIRACACHA;
DEPARTAMENTO DE BOYACA PARA EL MEJORAMIENTO VIAL EN EL MARCO
DEL PROGRAMA DE CAMINOS COMUNITARIOS PARA LA PAZ TOTAL",1,SUFICIENTE,1,SUFICIENTE,0.014686159,0.98531383,0.98531383,True
CO1.PCCNTR.9590891,Dotación de equipo tecnológico para las aulas de sistemas de la Institución Educativa,1,SUFICIENTE,1,SUFICIENTE,0.14270914,0.85729086,0.85729086,True
CO1.PCCNTR.9230314,1_5055_77_1_2026 Prestar servicios de apoyo técnico a la gestión como diseñador; para el acompañamiento en las actividades de diseño gráfico y funcional requeridas en el desarrollo e implementación de la plataforma tecnológica del Fondo Emprender; bajo la coordinación de la fábrica de software.,1,SUFICIENTE,1,SUFICIENTE,0.043977574,0.9560224,0.9560224,True
CO1.PCCNTR.1743548,Prestar servicios de apoyo a la divulgación; organización; monitoreo y evaluacion de los servicios institucionales para el sector empresarial y social en el centro de formacion,1,SUFICIENTE,1,SUFICIENTE,0.091544405,0.9084556,0.9084556,True
CO1.PCCNTR.3486556,Constituir y regular un Fondo en Administración denominado FONDO EN ADMINISTRACIÓN ICETEX - ARN 2022; con los recursos girados por la ARN al ICETEX quien actuará como administrador - mandatario; destinados a financiar créditos educativos condonables y capacitación para los empleados de la Entidad; d,1,SUFICIENTE,1,SUFICIENTE,0.054098696,0.9459013,0.9459013,True
CO1.PCCNTR.8608629,PRESTACIÓN DE SERVICIOS PROFESIONALES Y DE APOYO A LA GESTIÓN POR MODALIDAD DE EVENTO COMO INGENIERO DE SISTEMAS PARA EL DESARROLLO DE HERRAMIENTAS PARA EL MÓDULO DE PROMOCIÓN Y PREVENCIÓN: (CUESTIONARIO DE SÍNTOMAS PARA NIÑOS (RQC); SELF-REPORT QUESTIONNAIRE/SRQ); TEST AUDIT (ALCOHOL USE SISORDERS,1,SUFICIENTE,1,SUFICIENTE,0.09146322,0.90853673,0.90853673,True
CO1.PCCNTR.4361246,(a) Las condiciones para la contratación de servicio de Transporte Terrestre Automotor Especial de Pasajeros al amparo del Acuerdo Marco; (b) Las condiciones bajo las cuales las cuales las Entidades Compradoras se vinculan al Acuerdo Marco y adquieren el servicio de Transporte Terrestre Automotor Es,1,SUFICIENTE,1,SUFICIENTE,0.018959863,0.9810401,0.9810401,True
CO1.PCCNTR.1874105,Suministro de reactivos y elementos de laboratorio indispensables para realizar las actividades científicas y tecnológicas que garantizan el cumplimiento misional en el marco de los diferentes proyectos en salud pública.,1,SUFICIENTE,1,SUFICIENTE,0.102889135,0.8971108,0.8971108,True
CO1.PCCNTR.5837584,Prestar servicios profesionales para apoyar la gestión de Vigilancia y Control y demás actuaciones fiscales que realice la Dirección Sector Servicios Públicos; de la Contraloría de Bogotá D.C. En el marco del proyecto de inversión 7627; meta 7.,0,REQUIERE_REVISION,1,SUFICIENTE,0.33133605,0.668664,0.668664,False
CO1.PCCNTR.3416239,Prestación de servicios profesionales especializados para la asesoría y apoyo a la Oficina de Control Interno Disciplinario de la Defensoría del Pueblo en la proyección de conceptos jurídicos y en la tramitación; seguimiento e impulso de los procesos y demás de actividades que se adelanten en la dep,1,SUFICIENTE,1,SUFICIENTE,0.0607519,0.9392481,0.9392481,True
CO1.PCCNTR.3909154,PRESTAR LOS SERVICIOS COMO PROFESIONAL EN ADMINISTRACION PUBLICA PARA APOYAR LOS PROCESOS QUE SE GENEREN EN LA SUBDIRECCION DE AUTORIDAD AMBIENTAL DE LA CORPORACIÓN AUTÓNOMA REGIONAL DE SANTANDER. CAS,0,REQUIERE_REVISION,0,REQUIERE_REVISION,0.64360934,0.35639066,0.64360934,True
CO1.PCCNTR.8559006,LA CONTRATACIÓN DE UN AUXILIAR EN SERVICIOS FARMACÉUTICOS PARA BRINDAR APOYO A LA ESE CENTRO DE SALUD CON CAMA DE ARROYOHONDO EN LA REALIZACIÓN DE LAS ACTIVIDADES TÉCNICO-ASISTENCIALES DEL ÁREA DE FARMACIA.,1,SUFICIENTE,1,SUFICIENTE,0.22970796,0.77029204,0.77029204,True
CO1.PCCNTR.7519332,PRESTAR SUS SERVICIOS PROFESIONALES APOYANDO LA GESTIÓN EN LA UNIDAD DE PRESUPUESTO DE LA DIRECCIÓN DE ADMINISTRACIÓN Y GESTIÓN FINANCIERA DE LA ALCALDÍA DISTRITAL DE BUENAVENTURA.,0,REQUIERE_REVISION,0,REQUIERE_REVISION,0.87445295,0.12554705,0.87445295,True
CO1.PCCNTR.8267704,PRESTACIÓN DE SERVICIOS DE FORMA AUTÓNOMA E INDEPENDIENTE; POR PARTE DEL CONTRATISTA A FAVOR DE LA SECRETARÍA DE EDUCACIÓN; CULTURA Y DEPORTE; EN EL DESARROLLO DE ACTIVIDADES CONFORME A LA ESTRATEGIA DE GOBIERNO EN LÍNEA; OFERTA TIC; SOPORTE Y MANTENIMIENTO TÉCNICO DEL SOFTWARE Y HARDWARE DE LOS EQ,1,SUFICIENTE,1,SUFICIENTE,0.15046519,0.84953475,0.84953475,True
CO1.PCCNTR.4246245,Prestar los servicios para la atención a la primera infancia en los hogares comunitarios de bienestar HCB tradicional; de conformidad con el manual operativo de la modalidad comunitaria; el lineamiento técnico para la atención a la primera infancia y las directrices establecidas por el ICBF; en armo,1,SUFICIENTE,1,SUFICIENTE,0.065904796,0.93409514,0.93409514,True
CO1.PCCNTR.2637917,CONTRATO DE TRANSACCIÓN CON LA IPS SOCIEDAD DE NEUROCIENCIAS E IMÁGENES DIAGNOSTICAS NEUROIMAGENES S.A. PARA EL SANEAMIENTO DEFINITIVO DE LAS CUENTAS DE SERVICIOS Y TECNOLOGÍAS NO FINANCIADAS CON LA UPC DEL RÉGIMEN SUBSIDIADO EN EL MARCO DEL ARTÍCULO 238 DE LA LEY 1955 DE 2019 Y NORMAS QUE LO REGLAM,1,SUFICIENTE,1,SUFICIENTE,0.18155324,0.81844676,0.81844676,True
CO1.PCCNTR.6448318,CONTRATAR EN NOMBRE DE LA NACIÓN CONSEJO SUPERIOR DE LA JUDICATURA - DIRECCIÓN EJECUTIVA SECCIONAL DE ADMINISTRACIÓN JUDICIAL DE VALLEDUPAR; LA CONSULTORÍA DE ESTUDIOS TÉCNICOS Y DISEÑOS DEL PROYECTO DE INFRAESTRUCTURA ELÉCTRICA Y DE COMUNICACIONES DEL EDIFICIO ANTIGUO TELECOM; EN EL MUNICIPIO DE V,1,SUFICIENTE,1,SUFICIENTE,0.1229438,0.87705624,0.87705624,True
CO1.PCCNTR.2836916,Prestar los servicios profesionales de carácter temporal como instructor; para la gestión del desarrollo curricular y la ejecución de acciones de formación titulada; complementaria y virtual en la red Logistica y Gestión de la Producción - Area tematica: Seguridad y Salud en el Trabajo -Trabajo,1,SUFICIENTE,1,SUFICIENTE,0.16762705,0.83237296,0.83237296,True
CO1.PCCNTR.1787347,Prestar los servicios Profesionales como Economista en la Secretaría de Desarrollo Económico y Competitividad Subsecretaría de Emprendimiento y Desarrollo Empresarial prestando apoyo en los diferentes procesos ligados al proyecto Fortalecimiento del emprendimiento y desarrollo empresarial a tra,0,REQUIERE_REVISION,0,REQUIERE_REVISION,0.67522943,0.32477057,0.67522943,True
CO1.PCCNTR.5650106,INTERVENTORIA TECNICA; ADMINISTRATIVA; FINANCIERA Y AMBIENTAL PARA EL MEJORAMIENTO Y MANTENIMIENTO DE LAS VIAS RURALES EN LOS MUNICIPIOS DE VIOTA Y ANAPOIMA DEL DEPARTAMENTO DE CUNDINAMARCA DEL PROGRAMA CAMINOS COMUNITARIOS DE LA PAZ TOTAL,1,SUFICIENTE,1,SUFICIENTE,0.19659473,0.8034052,0.8034052,True
CO1.PCCNTR.4276150,SERVICIO DE ARRENDAMIENTO SEDE MINTRABAJO INSPECCION DE ORITO PUTUMAYO 01-DIC-2022 A 31-NOV-2023,1,SUFICIENTE,1,SUFICIENTE,0.06489012,0.9351099,0.9351099,True
CO1.PCCNTR.5952360,PRESTACIÓN DE SERVICIOS PROFESIONALES EN LA DIVISIÓN DE IMPUESTOS DE LA SECRETARIA DE HACIENDA DISTRITAL; EN EL MARCO DEL PROYECTO DE INVERSION IMPLEMENTACION DE ESTRATEGIAS PARA EL MEJORAMIENTO Y SOSTENIBILIDAD DE LAS FINANZAS EN EL DISTRITO DE CARTAGENA DE INDIAS,0,REQUIERE_REVISION,1,SUFICIENTE,0.22854368,0.77145636,0.77145636,False
CO1.PCCNTR.8538929,Aunar esfuerzos económicos; técnicos y administrativos entre el Departamento de Nariño y el Municipio de Ricaurte (N); para contribuir a la rehabilitación de viviendas en el sector rural del municipio de Ricaurte (N); que resultaron afectadas por eventos concatenados a las últimas temporadas de lluv,1,SUFICIENTE,1,SUFICIENTE,0.007815888,0.9921841,0.9921841,True
CO1.PCCNTR.625102,Realizar la auditoría y revisión total e integral de la información recibida por parte del mandatario de la extinta Fundación San Juan del Dios  Hospital San Juan de Dios e Instituto materno Infantil liquidados; que permitan al Ministerio realizar los pagos en cumplimiento de la Sentencia SU-484/08,1,SUFICIENTE,1,SUFICIENTE,0.18075651,0.81924355,0.81924355,True
CO1.PCCNTR.8004833,ELABORACIÓN DEL ESTUDIO TÉCNICO DE REFERENCIA DE LA PRESTACIÓN DEL SERVICIO DE ALUMBRADO PÚBLICO DEL MUNICIPIO DE MACEO - ANTIOQUIA; A PARTIR DE LOS COMPONENTES TÉCNICO; REGULATORIO; FINANCIERO Y AMBIENTAL; DANDO CUMPLIMIENTO A LA LEY 1819-2016 Y DECRETO 943-2018,1,SUFICIENTE,1,SUFICIENTE,0.0640069,0.93599313,0.93599313,True
CO1.PCCNTR.7778829,REALIZAR LA INTERVENTORÍA INTEGRAL; LA CUAL EFECTUARÁ EL SEGUIMIENTO DE LOS ASPECTOS CONTRACTUALES; TÉCNICOS; ADMINISTRATIVOS; FINANCIEROS; SOCIALES Y AMBIENTALES AL CONTRATO DE OBRA CUYO OBJETO ES: CONSTRUCCIÓN CELDA DISPOSICIÓN FINAL RELLENO SANITARIO EL CAIRO; MUNICIPIO DE SAN JOSÉ DEL FRAGUA.,1,SUFICIENTE,1,SUFICIENTE,0.06596493,0.93403506,0.93403506,True
CO1.PCCNTR.9629115,PRESTAR SERVICIOS TÉCNICOS COMO AUXILIAR DE ENFERMERÍA PARA LA EJECUCIÓN DE ACTIVIDADES INHERENTES A LA OPERACIÓN DE LA ESTRATEGIA DE ATENCIÓN PRIMARIA EN SALUD SEGÚN RESOLUCIÓN 1010 DE 2025; EXPEDIDA POR EL MINISTERIO DE SALUD Y PROTECCION SOCIAL PARA EL MUNICIPIO DE GUADUAS EN AREA URBANA,0,REQUIERE_REVISION,1,SUFICIENTE,0.49015933,0.50984067,0.50984067,False
CO1.PCCNTR.5041424,PRESTACIÓN DE SERVICIOS DE APOYO A LA GESTIÓN EN LA SUBDIRECCION JURIDICA CONSISTENTE EN LA REVISIÓN; ORGANIZACIÓN Y FOLIACIÓN DEL ARCHIVO DE LA OFICINA JURIDICA DE ACUERDO A LA TABLA DE RETENCIÓN DOCUMENTAL Y EN CONCORDANCIA CON EL SISTEMA DE GESTION INTEGRAL DE CALIDAD,1,SUFICIENTE,1,SUFICIENTE,0.27835485,0.7216451,0.7216451,True
CO1.PCCNTR.2564743,El objeto del Acuerdo Marco es establecer: (i) las condiciones para la contratación del suministro de elementos de Material Pedagógico al amparo del Acuerdo Marco de Precios y la entrega de los mismos por parte de los Proveedores; (ii) las condiciones en las cuales las Entidades Compradoras se vincu,1,SUFICIENTE,1,SUFICIENTE,0.0072047687,0.99279517,0.99279517,True
CO1.PCCNTR.9176570,Prestar servicios profesionales para el cumplimiento de los objetivos misionales y/o metas relacionadas con comunidades étnicas contenidos en los proyectos de inversión 2026; de conformidad con las funciones asignadas a la Dirección de Asuntos Étnicos,0,REQUIERE_REVISION,1,SUFICIENTE,0.099382766,0.9006172,0.9006172,False
CO1.PCCNTR.2672175,Prestación de servicios de apoyo a la gestión a la Secretaría de Medio Ambiente de Jamundí; para la medición e identificación del uso del suelo de los predios candidatos a ser parte del esquema de Pagos por Servicios Ambientales del municipio y apoyando la caracterización de las familias; en el marc,1,SUFICIENTE,1,SUFICIENTE,0.08347853,0.9165215,0.9165215,True
CO1.PCCNTR.1791911,El arrendador se obliga para con la FISCALIA GENERAL DE LA NACION - SUBDIRECCION REGIONAL DE APOYO EJE CAFETERO; entregar en calidad de arrendamiento el inmueble ubicado en la Carrera 13 N° 16-26 de la ciudad de Armenia Quindío para el funcionamiento de la Entidad. PARÁGRAFO: El área del inmueble co,1,SUFICIENTE,1,SUFICIENTE,0.2962978,0.7037022,0.7037022,True
CO1.PCCNTR.2744752,PRESTACIÓN DE SERVICIOS PROFESIONALES COMO PSICOLOGO EN LA COMISARIA DE FAMILIA DE QUIMBAYA; PARA EL RESTABLECIMIENTO DE DERECHOS DE LOS NIÑOS; NIÑAS Y ADOLESCENTES.,0,REQUIERE_REVISION,1,SUFICIENTE,0.19413854,0.8058614,0.8058614,False
CO1.PCCNTR.1254421,PRESTAR SEVICIOS PROFESIONALES Y DE APOYO A LA GESTIÓN ADMINISTRATIVA Y CONTRACTUAL PROPIA DE LA SECRETARÍA GENERAL Y SUS GRUPOS INTERNOS DE TRABAJO; ASÍ COMO EL APOYO A LA SUPERVISIÓN DE LOS CONTRATOS QUE LE SEAN ASIGNADOS,1,SUFICIENTE,1,SUFICIENTE,0.39171857,0.6082814,0.6082814,True
CO1.PCCNTR.7936179,SUMINISTRO DE PRENDAS PARA LA DOTACIÓN DEL PERSONAL DE LA PERSONERÍA MUNICIPAL DE SARAVENA,1,SUFICIENTE,1,SUFICIENTE,0.31179345,0.68820655,0.68820655,True
CO1.PCCNTR.5026480,AUNAR ESFUERZOS TÉCNICOS; ADMINISTRATIVOS Y FINANCIEROS PARA EL MEJORAMIENTO DE LA VÍA QUE COMUNICA DE LA VEREDA CONCUBITA A LA VEREDA SALITRE SECTOR LA REFORMA DEL MUNICIPIO DE SUTATAUSA DEL DEPARTAMENTO DE CUNDINAMARCA.,1,SUFICIENTE,1,SUFICIENTE,0.073963374,0.9260366,0.9260366,True
CO1.PCCNTR.4630024,Prestar servicios profesionales de apoyo a la gestión por sus propios medios con plena autonomía técnica; administrativa y financiera para coordinar la gestión editorial e indexación de la Revista Colombiana de Antropología para la vigencia 2023.,1,SUFICIENTE,1,SUFICIENTE,0.0763388,0.92366123,0.92366123,True
CO1.PCCNTR.9668338,Interventoría al suministro e instalación de cicloparqueaderos y obras complementarias,1,SUFICIENTE,1,SUFICIENTE,0.00689046,0.9931096,0.9931096,True
CO1.PCCNTR.6442722,PRESTACIÓN DE SERVICIOS COMO TÉCNICO AUXILIAR DE ENFERMERÍA EN EL ÁREA ASISTENCIAL; DENTRO DE LOS DIFERENTES PROCESOS Y PROCEDIMIENTOS DE LA EMPRESA SOCIAL DEL ESTADO REGIÓN DE SALUD SOACHA DE ACUERDO AL REQUERIMIENTO INSTITUCIONAL.,0,REQUIERE_REVISION,0,REQUIERE_REVISION,0.7947835,0.20521656,0.7947835,True
CO1.PCCNTR.2731036,PRESTAR POR SUS PROPIOS MEDIOS Y AUTONOMÍA ADMINISTRATIVA LOS SERVICIOS PROFESIONALES DE APOYO PARA EL FORTALECIMIENTO DEL LIDERAZGO ESCOLAR Y LA CONTRIBUCIÓN A LAS PRÁCTICAS; LA REFLEXIÓN; LA INVESTIGACIÓN Y LA ARTICULACIÓN DE LAS INSTITUCIONES EDUCATIVAS OFICIALES DE CALI (IEO); EN EL MARCO DEL CO,1,SUFICIENTE,1,SUFICIENTE,0.1435475,0.8564525,0.8564525,True
CO1.PCCNTR.5079184,Prestación de servicios para el apoyo en la gestión en las actividades relacionadas con la expedición de Guías Sanitarias de Movilización Interna (GSMI); registro de información y atención de usuarios en la Seccional Putumayo.,1,SUFICIENTE,1,SUFICIENTE,0.11235639,0.88764364,0.88764364,True
CO1.PCCNTR.4287142,Aunar esfuerzos administrativos; técnicos; logísticos Y financieros entre el MUNICIPIO DE PASTO Y EL CABILDO DEL RESGUARDO INDIGENA QUILLASINGA REFUGIO DEL SOL; para la realización del proyecto PROCESO DE FORMACIÓN ARTISTICA; CULTURAL Y FOMENTO DE SABERES TRADICIONALES A TRAVÉS DE HERRAMIENTAS TECNO,1,SUFICIENTE,1,SUFICIENTE,0.01868931,0.9813107,0.9813107,True
CO1.PCCNTR.8395676,ARRENDAMIENTO DE UN INMUEBLE INCLUIDO SERVICIOS PÚBLICOS Y DEMAS ELEMENTOS NECESARIOS PARA EL FUNCIONAMIENTO DE LA INSTITUCIÓN ETNOEDUCATIVA DE LA BOQUILLA - SEDE MARÍA BERNARDA VIGENCIA 2025,1,SUFICIENTE,1,SUFICIENTE,0.0416178,0.9583822,0.9583822,True
CO1.PCCNTR.8787360,Prestar por sus propios medios; con plena autonomía técnica administrativa y financiera los servicios profesionales jurídicos para elaborar; revisar y/o adelantar actividades relacionadas con documentos jurídicos; actos administrativos y gestión jurídica de competencia de la Gerencia Jurídica.,1,SUFICIENTE,1,SUFICIENTE,0.13974822,0.86025184,0.86025184,True
CO1.PCCNTR.8380319,CONTRATAR LA PRESTACIÓN DE SERVICIOS DE UNA PROFESIONAL EN PSICOLOGIA; PARA EL PROGRAMA EQUIPOS BASICOS DE ATENCION PRIMARIA EN SALUD URBANOS; EJECUTADOS EN EL MUNICIPIO DE MELGAR TOLIMA POR LA CENTRAL DEL URGENCIAS LOUIS PASTEUR ESE; CONFORME A RESOLUCION 1928 DE 2024,1,SUFICIENTE,1,SUFICIENTE,0.044973567,0.9550264,0.9550264,True
CO1.PCCNTR.2726642,Prestación de servicios profesionales para contribuir con la gestión y ejecución de proyectos en los cuales participa la Dirección de Extensión; Proyección Social y Empresarial de la Institución Universitaria de Envigado.,0,REQUIERE_REVISION,1,SUFICIENTE,0.31268474,0.6873153,0.6873153,False
CO1.PCCNTR.5674339,Adelantar la Interventoría técnica; administrativa; financiera; legal; ambiental y social del contrato de consultoría que se derive del concurso de méritos cuyo objeto consiste en: Adelantar consultoría para la ejecución de cálculos; estudio; diseños técnicos y gestión de licencias y permisos requer,1,SUFICIENTE,1,SUFICIENTE,0.0073886756,0.99261135,0.99261135,True
CO1.PCCNTR.3018036,ADQUISICION DE DISPOSITIVOS INFORMATICOS PARA LA OFICINA DE PASAPORTES.,1,SUFICIENTE,1,SUFICIENTE,0.051510453,0.9484895,0.9484895,True
CO1.PCCNTR.3701414,EL ARRENDAMIENTO DE AREA PARA EL ALMACENAMIENTO DE ARCHIVOS DOCUMENTALES DEL ARCHIVO CENTRAL DE LA GERENCIA DEPARTAMENTAL COLEGIADA DE SANTANDER DE LA CONTRALORÍA GENERAL DE LA REPÚBLICA,1,SUFICIENTE,1,SUFICIENTE,0.16198196,0.83801806,0.83801806,True
CO1.PCCNTR.458297,INTERVENTORÍA TÉCNICA; ADMINISTRATIVA; LEGAL; FINANCIERA; SOCIAL; AMBIENTAL Y DE SEGURIDAD Y SALUD EN EL TRABAJO PARA LAS OBRAS PENDIENTES POR EJECUTAR DURANTE LA ETAPA DE CONSTRUCCIÓN DEL CONTRATO DE OBRA IDU-136-2007. ADEMÁS; RECIBO FINAL DE LAS OBRAS; BALANCE FINANCIERO; TÉCNICO; Y DOCUMENTAL DEL,1,SUFICIENTE,1,SUFICIENTE,0.12700155,0.8729984,0.8729984,True
CO1.PCCNTR.2335511,Prestar servicios profesionales al Grupo Interno de Gestión del Talento Humano de la Dirección Administrativa y Financiera en el desarrollo de estrategias de divulgación de información sobre las actividades del grupo y la verificación y actualización de información en los sistemas que utiliza para a,1,SUFICIENTE,1,SUFICIENTE,0.14080818,0.85919183,0.85919183,True
CO1.PCCNTR.4373432,PRESTACIÓN DE SERVICIOS DE APOYO A LA GESTIÓN EN LA SUBSECRETARÍA DE DESARROLLO SOCIAL Y EDUCATIVO;BRINDANDO APOYO A LOS PROGRAMAS SOCIALES DESARROLLADOS POR EL GOBIERNO NACIONAL DE TRANSFERENCIA MONETARIAS CONDICIONADAS Y NO CONDICIONADAS; ADOPTADOS POR EL MUNICIPIO DE MONTENEGRO,0,REQUIERE_REVISION,1,SUFICIENTE,0.36373162,0.6362684,0.6362684,False
CO1.PCCNTR.7258928,PRESTACION DE SERVICIOS PROFECIONALES COMO MEDICO GENERAL PARA LA EMPRESA SOCIAL DEL ESTADO DEL MUNICIPIO DE VILLAVICENCIO,0,REQUIERE_REVISION,0,REQUIERE_REVISION,0.84619683,0.1538032,0.84619683,True
CO1.PCCNTR.8895596,"DP00-3202056-5-029Prestar servicios profesionales con plena
autonomía técnica y administrativa en la Dirección Territorial Pacífico para
adelantar procesos de comunicación y educación ambiental con actores
priorizados y vinculados a la gestión territorial de las áreas protegidas
adscritas; en el mar",1,SUFICIENTE,1,SUFICIENTE,0.27391416,0.72608584,0.72608584,True
CO1.PCCNTR.8812345,PRESTACIÓN DE SERVICIOS PROFESIONALES COMO TRABAJADORA SOCIAL EN EL MARCO DEL PROYECTO MEJORAMIENTO DE LA ATENCION A USUARIOS DE LAS COMISARIAS DE FAMILIA DEL DISTRITO DE CARTAGENA DE INDIAS..,0,REQUIERE_REVISION,0,REQUIERE_REVISION,0.65756595,0.34243408,0.65756595,True
CO1.PCCNTR.5661136,Prestación de servicios profesionales de apoyo a la gestión en el área asistencial como MEDICO GENERAL.,0,REQUIERE_REVISION,0,REQUIERE_REVISION,0.91181,0.08819005,0.91181,True
CO1.PCCNTR.4553799,ADMINISTRACIÓN DELEGADA DE RECURSOS PARA REALIZAR MANTENIMIENTO PREVENTIVO Y CORRECTIVO DE AIRES ACONDICIONADOS Y MANTENIMIENTO PREVENTIVO DEL ASCENSOR UBICADO EN LA ADMINISTRACIÓN MUNICIPAL DE GIRARDOTA,1,SUFICIENTE,1,SUFICIENTE,0.12368283,0.8763172,0.8763172,True
CO1.PCCNTR.1590864,PRESTAR SERVICIOS PROFESIONALES PARA APOYAR DESDE LAS ARTES LITERARIAS Y VISUALES EL DISEÑO Y PUESTA EN MARCHA DE ESTRATEGIAS DE FORMACIÓN Y LA REALIZACIÓN DE INTERVENCIONES SIMBÓLICAS CON ENFOQUE PEDAGÓGICO Y DE JUSTICIA RESTAURATIVA CON LAS POBLACIONES QUE LE SEAN ASIGNADAS POR LA DIRECCIÓN DE RES,1,SUFICIENTE,1,SUFICIENTE,0.098772585,0.9012275,0.9012275,True
CO1.PCCNTR.3156223,El arrendador entrega al arrendatario a titulo de arrendamiento el segundo piso del inmueble ubicado en la DIAGONAL 89 A SUR No 87-60; de la localidad de Bosa de la ciudad de Bogotá; para ser destinado a los servicios de bienestar social que presta la Secretaria Distrital de Integración Social,1,SUFICIENTE,1,SUFICIENTE,0.18097351,0.8190264,0.8190264,True
CO1.PCCNTR.6284403,Prestación de servicios TECNOLOGA AMBIENTAL,0,REQUIERE_REVISION,0,REQUIERE_REVISION,0.9167081,0.083291925,0.9167081,True
CO1.PCCNTR.4328406,GOB 308 CONTRATO DE COMODATO O PRESTAMOS DE BIENES MUEBLES A LA JUNTA DE ACCION COMUNAL DE LA VEREDA CHINA ALTA DEL COREREGIMIENTO TRECE DEL MUNICIPIO DE IBAGUE EN EL MARCO DEL PROYECTO FORTALECIMIENTO DE LA DEMOCRACIA; LA PARTICIPACION CIUDADANA Y LA LIBERTAD RELIGIOSA EN EL MUNICIPIO DE IBAGUE,1,SUFICIENTE,1,SUFICIENTE,0.07303238,0.92696756,0.92696756,True
CO1.PCCNTR.6069955,Aunar esfuerzos técnicos; administrativos y económicos y en consecuencia entregar en calidad de préstamo el bien inmueble identificado Punto Vive Digital La Pradera en el municipio de Dosquebradas; con el fin de instalar un Centro Operativo Municipal - COM para el desarrollo del Censo Económico Naci,1,SUFICIENTE,1,SUFICIENTE,0.01890545,0.9810946,0.9810946,True
CO1.PCCNTR.4054920,PRESTAR SERVICIOS PROFESIONALES DE APOYO PSICOLOGICO PARA PROMOVER EL DESARROLLO INTEGRAL DE LA PRIMERA INFANCIA EN LOS SERVICIOS DE CRECEMOS EN LA RURALIDAD Y ESPACIOS RURALES; EN EL MARCO DE LA ATENCION INTEGRAL Y EL SISTEMA DE CUIDADO,1,SUFICIENTE,1,SUFICIENTE,0.34574008,0.6542599,0.6542599,True
CO1.PCCNTR.9128449,PRESTAR SERVICIOS PERSONALES DE CARACTER TEMPORAL COMO INSTRUCTOR CONTRATISTA; IMPARTIENDO FORMACIÓN PROFESIONAL INTEGRAL EN PROGRAMAS TITULADOS Y/O COMPLEMENTARIOS EN MODALIDAD PRESENCIAL PARA LA ATENCION DE LA POBLACION VICTIMA PERTENECIENTES A LA RED TECNOLOGICA DE: TECNOLOGÍAS DE GESTIÓN ADMINIS,1,SUFICIENTE,1,SUFICIENTE,0.4456652,0.55433476,0.55433476,True
CO1.PCCNTR.1523932,SERVICIOS_2020_EMS_TH_TU Prestación de servicios de apoyo a la gestión para realizar los procesos preoperativo y de recolección; asesoramiento a empresas; validación; análisis; consistencia y envíos de la información de la EMS para los periodos a recolectar en la ejecución del contrato de mayo y jun,1,SUFICIENTE,1,SUFICIENTE,0.040922306,0.9590777,0.9590777,True
CO1.PCCNTR.1396134,CONVENIO INTERADMINISTRATIVO DE TRASLADO POR PERMUTA LIBREMENTE CONVENIDA ENTRE LOS DOCENTES SANDRA MILENA CHANAGA M Y MARTHA JANETH MENDOZA C; ENTRE EL DPTO DE SANTANDER Y EL MUNICIPIO DE BUCARAMANGA,1,SUFICIENTE,1,SUFICIENTE,0.055463932,0.9445361,0.9445361,True
CO1.PCCNTR.5416337,CONTRATAR LA PRESTACIÓN DE SERVICIOS DE UN OPERADOR LOGÍSTICO PARA REALIZAR ACTIVIDADES LÚDICO PEDAGÓGICAS; CULTURALES Y ARTÍSTICAS A LOS ADULTOS MAYORES DEL CENTRO DÍA DE LA SECRETARIA DE DESARROLLO ECONÓMICO Y SOCIAL DEL MUNICIPIO DE GIRARDOT DANDO CUMPLIMIENTO A LO CORRESPONDIENTE DEL 70% DE LA E,1,SUFICIENTE,1,SUFICIENTE,0.05184547,0.94815457,0.94815457,True
CO1.PCCNTR.5206804,Contratar la compra; instalación y puesta en funcionamiento de una plataforma elevadora para personas con movilidad reducida,1,SUFICIENTE,1,SUFICIENTE,0.0061689946,0.9938309,0.9938309,True
CO1.PCCNTR.768265,PRESTAR SERVICIOS PERSONALES COMO AUXILIAR DE APOYO EN TEMAS ARCHIVÍSTICOS; PARA REALIZAR OPORTUNAMENTE EL CONTROL A LA DOCUMENTACIÓN; GARANTIZANDO EL NORMAL FUNCIONAMIENTO DE LOS PROCEDIMIENTOS DE LAS DEPENDENCIAS EN LA VENTANILLA DE LA SEDE ADMINISTRATIVA; EN EL MARCO DEL PROYECTO 1106,1,SUFICIENTE,1,SUFICIENTE,0.18907149,0.8109285,0.8109285,True
CO1.PCCNTR.5292218,Adquirir a título de compraventa 26 licencias Microsoft 365 Apps para computadores de escritorio y portátiles de la Secretaría Municipal de Salud con la posibilidad de que cada licencia sea utilizada hasta en 5 dispositivos de propiedad de la SMS.,1,SUFICIENTE,1,SUFICIENTE,0.008429287,0.9915707,0.9915707,True
CO1.PCCNTR.1770940,Aunar esfuerzos; humanos; administrativos y técnicos; entre el Departamento y el Municipio de Ancuya  Nariño; para el préstamo de maquinaria pesada que será utilizada en el mantenimiento preventivo de la malla vial que pertenezca al Municipio y al Departamento de Nariño.,1,SUFICIENTE,1,SUFICIENTE,0.022499967,0.9775,0.9775,True
CO1.PCCNTR.2902511,El Comodante Departamento del Magdalena hace entrega en calidad de préstamo de uso o comodato; al comodatario ASOCIACIÓN DE PRODUCTORES PROFESIONALES AGROPECUARIOS DE LOS ANDES (ASOPROAGROANDES); - y esta recibe un banco de maquinaria agrícola compuesto por un (1) tractor; una (1) cosechadora de,1,SUFICIENTE,1,SUFICIENTE,0.0607519,0.9392481,0.9392481,True
CO1.PCCNTR.6293700,MEG-74 AUNAR ESFUERZOS TECNICOS; ECONOMICOS Y HUMANOS PARA PRESTAR EL SERVICIO DE ATENCION INTEGRAL AL ADULTO MAYOR DEL MUNICIPIO DE TUNJA BOYACA-VIGENCIA 2024; DENTRO DE LA ESTRATEGIA SABIDURIA CON AMOR DE LA SECRETARIA DE LA MUJER EQUIDAD DE GENERO E INLCUSION SOCIAL.,1,SUFICIENTE,1,SUFICIENTE,0.069226466,0.93077356,0.93077356,True
CO1.PCCNTR.5115521,AUNAR ESFUERZOS TÉCNICOS; ADMINISTRATIVOS Y FINANCIEROS CON EL MUNICIPIO DE PULÍ; PARA APOYAR A LA FUERZA PÚBLICA CON EL SUMINISTRO DE COMBUSTIBLE PARA EL PARQUE AUTOMOTOR DE LA ESTACIÓN DE POLICÍA EN CUMPLIMIENTO DEL PLAN INTEGRAL DE SEGURIDAD Y CONVIVENCIA CIUDADANA PISCC.,1,SUFICIENTE,1,SUFICIENTE,0.013689475,0.9863105,0.9863105,True
CO1.PCCNTR.3223858,Prestar servicios profesionales para apoyar a la UPRA en la orientación del desarrollo metodológico; operativo y analítico relacionado con la construcción; mantenimiento y actualización de estructuras de costos de producción agropecuarios; de acuerdo a los productos; zonas y lineamientos establecido,1,SUFICIENTE,1,SUFICIENTE,0.008015269,0.9919848,0.9919848,True
CO1.PCCNTR.261265,ADQUISICIÓN MISILES PARA NUEVAS NECESIDADES DE LA EMPRESA DE ACUEDUCTO DE BOGOTA,1,SUFICIENTE,1,SUFICIENTE,0.15335886,0.84664106,0.84664106,True
CO1.PCCNTR.1275770,EL CONTRATISTA se obliga para con la Agencia Nacional de Infraestructura a prestar sus servicios profesionales como abogado especializado para brindar apoyo jurídico a los contratos de concesión de carreteras y/o aeropuertos y sus correspondientes interventorías; en el Grupo Interno de Trabajo de As,1,SUFICIENTE,1,SUFICIENTE,0.39565217,0.6043478,0.6043478,True
CO1.PCCNTR.6622680,ADQUISICIÓN DE JUEGOS DE MESA Y ELEMENTOS DEPORTIVOS PARA EL DEPARTAMENTO DE POLICÍA VICHADA,1,SUFICIENTE,1,SUFICIENTE,0.04716187,0.9528382,0.9528382,True
CO1.PCCNTR.7714034,PRESTACIÓN DE SERVICIO DE ALIMENTACIÓN PARA LA FUERZA PUBLICA (EJERCITO Y POLICÍA); QUE APOYAN LAS ACTIVIDADES TENDIENTES A LA SEGURIDAD Y ORDEN PÚBLICO DEL MUNICIPIO DE SAN FRANCISCO.,1,SUFICIENTE,1,SUFICIENTE,0.14940722,0.8505928,0.8505928,True
CO1.PCCNTR.7745571,Prestación de servicios de fumigación; desinsectación; desratización; desinfección y limpieza de las diferentes áreas de las instalaciones del edificio del Despacho Regional y el CIGEC,1,SUFICIENTE,1,SUFICIENTE,0.045268096,0.95473194,0.95473194,True
CO1.PCCNTR.7022068,PRESTACIÓN DE SERVICIOS PROFESIONALES COMO ESPECIALISTA EN GERENCIA DE PROYECTOS PARA LA SECRETARÍA DE TURISMO; ORIENTADOS AL FORTALECIMIENTO DE LA CAMPAÑA DE PREVENCIÓN DE LA EXPLOTACIÓN SEXUAL; MEDIANTE LA FORMULACIÓN; EJECUCIÓN Y MONITOREO DE ESTRATEGIAS Y ACCIONES DE SENSIBILIZACIÓN Y CONTROL.,1,SUFICIENTE,1,SUFICIENTE,0.16572809,0.8342719,0.8342719,True
CO1.PCCNTR.5438183,CONTRATO DE OBRA PARA LA INSTALACIÓN A TODO COSTO Y PUESTA EN FUNCIONAMIENTO DE SISTEMAS SÉPTICOS; INCLUYENDO SU INOCULACIÓN; EN EL MUNICIPIO DE GOMEZ PLATA ANTIOQUIA,1,SUFICIENTE,1,SUFICIENTE,0.022328783,0.97767127,0.97767127,True
CO1.PCCNTR.718175,Prestar servicios profesionales para el seguimiento de la ejecución del componente financiero del proyecto de fortalecimiento de las capacidades administrativas y de construcción de paz en el territorio nacional.,1,SUFICIENTE,1,SUFICIENTE,0.12241826,0.8775817,0.8775817,True
CO1.PCCNTR.8635114,CONSTRUCCIÓN Y PUESTA EN FUNCIONAMIENTO DEL SISTEMA DE ALUMBRADO NAVIDEÑO PARA LA TEMPORADA DECEMBRINA DEL MUNICIPIO DE SAN VICENTE DEL CAGUÁN; CAQUETÁ,1,SUFICIENTE,1,SUFICIENTE,0.021615336,0.97838473,0.97838473,True
CO1.PCCNTR.3095794,ADQUISICIÓN DE SOLUCIONES Y MATERIALES DE LABORATORIO SOPORTE PARA ACTIVIDADES DE TOMA DE MUESTRA,1,SUFICIENTE,1,SUFICIENTE,0.019215846,0.9807842,0.9807842,True
CO1.PCCNTR.651994,Publicación de pauta publicitaria en la revista Interactuando con la 9.,1,SUFICIENTE,1,SUFICIENTE,0.18286288,0.8171371,0.8171371,True
CO1.PCCNTR.330464,SERVICIOS DE APOYO A LA GESTION PARA LA ADMINISTRACION CONTROL; SEGUIMIENTO Y DIGITALIZACION DE LA CORRESPONDENCIA INTERNA Y EXTERNA QUE SE GENERE E INGRESE POR CUALQUIER MEDIO A LA SUPERINTENDENCIA DE LA ECONOMIA SOLIDARIA,1,SUFICIENTE,1,SUFICIENTE,0.20585442,0.7941456,0.7941456,True
CO1.PCCNTR.3338522,Prestación de servicios profesionales como pianista; para apoyar los procesos de formación musical de las Instituciones Educativas Distritales vinculadas a la estrategia Canta Bogotá Canta que le sean asignadas.,1,SUFICIENTE,1,SUFICIENTE,0.1476166,0.8523834,0.8523834,True
CO1.PCCNTR.4355258,PRESTACIÓN DE SERVICIOS COMO CONTRATISTA INDEPENDIENTE; SIN VÍNCULO LABORAL POR SU PROPIA CUENTA Y RIESGO PARA REALIZAR LA GESTIÓN COMO PROFESIONAL DE NUTRICIONISTA - DIETISTA EN EJECUCIÓN DEL CONTRATO INTERADMINISTRATIVO NO 4600092250 DE 2021; CELEBRADO ENTRE EL MUNICIPIO DE MEDELLÍN; UNIDAD ADMINI,0,REQUIERE_REVISION,1,SUFICIENTE,0.13992442,0.8600756,0.8600756,False
CO1.PCCNTR.8830619,PRESTACION DE SERVICIOS PROFESIONALES PARA LA IMPLEMENTACION DE LOS PLANES EN EL MARCO DE LA LEY 1448 LEY DE VICTIMAS; DE LA SECRETARIA DE GOBIERNO DEL MUNICIPIO DE DOSQUEBRADAS,1,SUFICIENTE,0,REQUIERE_REVISION,0.78621274,0.21378726,0.78621274,False
CO1.PCCNTR.7720148,SUMINISTRO DE PAPEL HIGIENICO Y TOALLAS DE MANO,1,SUFICIENTE,1,SUFICIENTE,0.054954547,0.9450455,0.9450455,True
CO1.PCCNTR.8440260,PRESTAR LOS SERVICIOS PROFESIONALES COMO ABOGADO PARA LA DIRECCIÓN DE PLANEACION Y POLITICAS JURIDICAS.,0,REQUIERE_REVISION,0,REQUIERE_REVISION,0.6978664,0.30213365,0.6978664,True
CO1.PCCNTR.8675022,PRESTAR SERVICIOS COMO TECNICO EN ENFERMERIA PARA REALIZAR ACTIVIDADES DE CANALIZACIÓN Y GESTIÓN INTEGRAL DEL RIESGO EN SALUD TALES COMO (DETECCIÓN TEMPRANA Y PROTECCIÓN ESPECIFICA) EN LA IPS HOSPITAL LOCAL DE VILLANUEVA. Y DEMAS IPS ADSCRITAS A RED SALUD CASANARE E.S.E.,1,SUFICIENTE,1,SUFICIENTE,0.27163795,0.728362,0.728362,True
CO1.PCCNTR.8383128,PRESTACIÓN DE SERVICIOS PROFESIONALES COMO ABOGADO DENTRO DEL PROYECTO DE FORTALECIMIENTO INSTITUCIONAL PARA EL DESARROLLO DE POLITICAS; PROGRAMAS Y PROYECTOS DE LA GOBERNACIÓN DEL VALLE DEL CAUCA.,0,REQUIERE_REVISION,1,SUFICIENTE,0.41682634,0.5831737,0.5831737,False
CO1.PCCNTR.7113432,DOTACIÓN DE ELEMENTOS PARA EL FORTALECIMEINTO A LA EDUCACIÓN EN LAS INSTITUCIONES EDUCATIVAS OFICIALES DEL MUNICIPIO DE PUERTO BOYACA,0,REQUIERE_REVISION,1,SUFICIENTE,0.17931488,0.8206851,0.8206851,False
CO1.PCCNTR.2476116,COMPRA DE ELEMENTOS CON DESTINO A LAS PERSONAS PRIVADAS DE LA LIBERTAD EN CUMPLIMIENTO DEL FALLO DE TUTELA 2021-0009.,0,REQUIERE_REVISION,1,SUFICIENTE,0.05686155,0.9431384,0.9431384,False
CO1.PCCNTR.7026981,Aunar recursos tecnicos; administrativos y financieros entre las partes para prestar el servicio Comedores Comunitarios a la poblacion focalizada por la SDIS; para contribuir a la mitigacion de la inseguridad alimentaria en el marco del Proyecto 7953 Generacion del bien-estar alimentario y nutricio,1,SUFICIENTE,1,SUFICIENTE,0.031499382,0.9685006,0.9685006,True
CO1.PCCNTR.7167220,ESTUDIOS Y DISEÑOS PARA CONSTRUIR COMEDORES ESCOLARES EN LAS SEDES EDUCATIVAS OFICIALES,1,SUFICIENTE,1,SUFICIENTE,0.037361998,0.9626381,0.9626381,True
CO1.PCCNTR.2108117,ARRENDAMIENTO DE BIEN INMUEBLE UBICADO EN LA CALLE 20 N° 17 - 60 EN LA CIUDAD DE SINCELEJO PARA EL FUNCIONAMIENTO DE LAS OFICINAS DE LA DIRECCIÓN DE CULTURA,1,SUFICIENTE,1,SUFICIENTE,0.035078675,0.9649213,0.9649213,True
CO1.PCCNTR.5246011,SUMINISTRO DE ELEMENTOS DE ILUMINACIÓN (REFLECTORES; LÁMPARAS Y BOMBILLAS),1,SUFICIENTE,1,SUFICIENTE,0.006513499,0.9934865,0.9934865,True
CO1.PCCNTR.6540640,Adquirir insumos prehospitalarios para la atención de emergencias,1,SUFICIENTE,1,SUFICIENTE,0.12326005,0.87674,0.87674,True
CO1.PCCNTR.7178923,REALIZAR INTERVENTORÍA TÉCNICA; ADMINISTRATIVA; FINANCIERA; JURÍDICA; AMBIENTAL Y SOCIAL AL CONTRATO DE OBRA PUBLICA RESULTANTE DEL PROCESO DE LICITACION PUBLICA CUYO OBJETO ES: CONTRATAR MEDIANTE EL SISTEMA DE PRECIOS UNITARIOS FIJOS A MONTO AGOTABLE LAS OBRAS DE MANTENIMIENTO; ADECUACIÓN Y REPARA,1,SUFICIENTE,1,SUFICIENTE,0.068102375,0.93189764,0.93189764,True
CO1.PCCNTR.6409515,AUNAR ESFUERZOS PARA ADELANTAR ACCIONES CONJUNTAS EN LA DISMINUCION DE LOS RIESGOS ASOCIADOS A LA POBLACION INFANTIL Y JUVENIL EN EL MUNICIPIO DE BOJACA; CON LA IMPLEMENTACION DE UN PROGRAMA DE JORNADA ESCOLAR COMPLEMENTARIA; EN LA MODALIDAD DE BILINGUISMO MEDIANTE LOS PROCESOS DE APRENDIZAJE DEL IN,1,SUFICIENTE,1,SUFICIENTE,0.017012626,0.9829874,0.9829874,True
CO1.PCCNTR.7986499,PRESTAR SERVICIOS TÉCNICOS COMO AUXILIAR DE ENFERMERÍA PARA LA EJECUCIÓN DE ACTIVIDADES INHERENTES A LA OPERACIÓN DE LA ESTRATEGIA DE ATENCIÓN PRIMARIA EN SALUD SEGÚN RESOLUCIÓN 865 DE 2024 EXPEDIDA POR EL MSPS PARA CHAGUANI.,0,REQUIERE_REVISION,1,SUFICIENTE,0.30523115,0.6947688,0.6947688,False
CO1.PCCNTR.9582644,Suministro; recarga y mantenimiento de los extintores pertenecientes a la Delegación Departamental; Registradurias Especial y Auxiliar de Tunja y algunas Registradurias Municipales de Boyacá,1,SUFICIENTE,1,SUFICIENTE,0.031529184,0.9684709,0.9684709,True
CO1.PCCNTR.8749275,MEJORAMIENTO DEL PARQUE TURISTICO DE LA SAL; ESPACIO PUBLICO Y LA CASONA DEL MUNICIPIO DE ZIPAQUIRÁ DEL DEPARTAMENTO DE CUNDINAMARCA EN EL MARCO DEL CONVENIO ICCU 1124-2023,1,SUFICIENTE,1,SUFICIENTE,0.083441176,0.91655886,0.91655886,True
CO1.PCCNTR.6373005,PRESTACIÓN DE SERVICIOS PROFESIONALES EN EL MARCO DEL PROGRAMA DE SALUD OCUPACIONAL DE LA DIRECCIÓN ADMINISTRATIVA DE TALENTO HUMANO DE LA ALCALDÍA MAYOR DE CARTAGENA DE INDIAS,0,REQUIERE_REVISION,0,REQUIERE_REVISION,0.79366624,0.20633379,0.79366624,True
CO1.PCCNTR.5153809,Suministro papelería; útiles de escritorio y oficina INSTITUCION EDUCATIVA DE DESARROLLO RURAL,1,SUFICIENTE,0,REQUIERE_REVISION,0.5905578,0.40944216,0.5905578,False
CO1.PCCNTR.8772001,PRESTACIÓN DE SERVICIOS PROFESIONALES PARA LA GENERACIÓN DE CONTENIDOS PERIODÍSTICOS; INFORMATIVOS Y COMUNICATIVOS QUE FORTALEZCAN LA DIVULGACIÓN DE LA GESTIÓN INSTITUCIONAL; LAS ESTRATEGIAS DE COMUNICACIÓN DIGITAL Y LA IMAGEN DE LA ADMINISTRACIÓN MUNICIPAL,1,SUFICIENTE,1,SUFICIENTE,0.1744806,0.82551944,0.82551944,True
